input_file,vendor_parameter_file,module,software_name
zenodo/directlfq/MaxQuant_boxcar,,directlfq,MaxQuant
zenodo/directlfq/MaxQuant_Kuster200,,directlfq,MaxQuant
zenodo/directlfq/kuster_tissue_data_evidence/evidence.txt,,directlfq,MaxQuant
zenodo/directlfq/kuster_tissue_data_peptides/peptides.txt,,directlfq,MaxQuant
zenodo/directlfq/maxquant_yeast_interactome,,directlfq,MaxQuant
zenodo/directlfq/Spectronaut_LargeFC/20210210_154121_S209-S-1-240min_Report.tsv,,directlfq,Spectronaut
zenodo/directlfq/Spectronaut_LargeFC_re_run_SN15/20220607_153923_MP-LFC-MS1var-OT-S1-120kMS1_Report.tsv,,directlfq,Spectronaut
zenodo/directlfq/Spectronaut_LargeFC_re_run_DIANN/report.tsv,,directlfq,DIA-NN
zenodo/directlfq/diann_charite_dataset/Charite-DIA-NN_analysis.txt,,directlfq,DIA-NN
zenodo/directlfq/iq_spectronaut_example_file/DIA-report-long-format.txt,,directlfq,Spectronaut
zenodo/directlfq/quicktests_diann/shortened_input.tsv,,directlfq,DIA-NN
zenodo/directlfq/quicktests_mq_evidence/shortened_input.tsv,,directlfq,MaxQuant
zenodo/directlfq/quicktests_spectronaut/shortened_input.tsv,,directlfq,Spectronaut
